{
  "4118": {
    "rotation": [
      -0.03110393291221127,
      2.0299776370974118e-05,
      0.2586938169103127,
      0.9654584683132079
    ],
    "translation": [
      0.0,
      0.0,
      1.8791232913599745
    ]
  },
  "4121": {
    "rotation": [
      -0.02443889978619131,
      0.006417609178302818,
      -0.258736410979814,
      0.9656174315446878
    ],
    "translation": [
      0.0,
      0.0,
      1.9460687380845503
    ]
  },
  "44": {
    "rotation": [
      -0.027319794537396823,
      -0.0012430603459730582,
      0.0,
      0.9996259718651825
    ],
    "translation": [
      0.0,
      0.0,
      2.273497950221843
    ]
  }
}
